Participant 1,Participant 2,Rounds,Score,Winner
meeeli,migawiga,ft20,20 - 9,meeeli
.seised,alfa,ft20,20-18,sisid
Alfa,Fen,ft20,20 - 13,Alfa
Rian,Mirokaz,ft20,20 - 16,Rian
Fen,Annis,ft20,20 - 17,Fen
Annis,Miro,ft20,20 - 15,Annis
Annis,Akeira,ft20,20 - 7,Annis
Miro,Akeira,ft20,20 - 3,Miro
.seised,alfa,ft20,20-14,sisid
Aliya,Astaroth,ft20,20 - 19,Aliya
Tadex,Nyalfa,ft20,20 - 5,Tadex
Tadex,Fen,ft20,20 - 17,Tadex
Aliya,Astaroth,ft20,20 - 17,Aliya
Aliya,Akeira,ft20,20 - 9,Aliya
Alfa,Seised,ft20,20 - 18,Seised
Alfa,Seised,ft20,20 - 16,Seised
Tadex,Akeira,ft20,20 - 2,Tadex
A2,Akeira,ft20,20 - 1,A2
Tadex,Miro,ft20,20 - 12,Tadex
Alfa,Seised,ft20,20 - 18,Alfa
Ravanello,Akeira,ft20,20 - 7,Ravanello
chen,rian,ft1,1-0,chen
<@535508488399355904>,<@338411288655036431>,ft20,20-18,Asta
chen,rian,ft20,0-20,riano
Ren,Helado,ft20,20 - 5,Helado
annis,seised,ft20,20 - 14,annis
meeeli,lunicia,ft20,15 - 20,lunicia
Xanix,MIro,ft20,20 - 15,Xanix
.seised,rian,ft20,20-6,sisid
.seised,alfa,ft20,20-19,alfa
miro,annis,ft20,20 - 12,miro
.seised,seinn,ft20,20-12,sisid
miro,annis,ft20,20 - 14,annis
miro,alfa,ft20,20-6,alfa
.seised,veinn,ft20,20-13,sisid
Adrian,Annis,ft20,20 - 7,Adrian
Adrian,Aliya,ft20,20-13,Adrian
Adrian,Rian,ft20,14 - 20,Adrian
Adrian,zender,ft20,8 - 20,Adrian
Rian,Sween,ft20,20 - 10,Rian
Adrian,zender,ft20,11 - 20,Adrian
sc,zender,ft20,12 - 20,sc
Rian,Ren(Goat),ft20,20 - 12,Rian
Adrian,zender,ft20,11 - 20,Adrian
Eren Jeager,Eren Jeager coloured,ft20,6-1 Eren Jeager Colored quit,Eren Jeager
Ren,Helado,ft20,20 - 19,Helado
Tad,zender,ft20,14 - 20,Tad
tadex,adrian,ft20,10 - 20,adrian
Ren,Helado,ft100,100 - 4,Helado
Ren,Helado,ft20,20 - 2,Helado
Miro,Annis,ft20,20 - 18,Miro
Annis,Miro,ft20,20 - 18,Annis
Miro,Annis,ft20,20 - 18,Miro
Ren,Helado,ft20,20 - 0,Ren
Xanix,Aliya,ft20,20 - 18,Xanix
Aliya,Miro,ft20,20 - 17,Aliya
tadex,sc,ft20,18 - 20,dud
Adrian,Fabiasheen,ft20,20 - 5,Adrian
Ren,Helado,ft20,20 - 0,Helado
Adrian,Zender,ft20,20 - 5,Adrian (this was personal)
Adrian,Annis,ft20,20 - 5,Adrian
hedin,zender,ft20,14 - 20,hedin
Ren,Helado,ft20,20 - 2,Helado
Miro,Zender,ft20,20 - 12,zender
.bruki,.seised,ft1,1 - 0,.bruki
SC,Zender,ft20,20 - 17,SC
zender,hespera,ft20,20-14 (hespera surrendered),zender
Ren,Helado,ft20,20 - 1,Ren
Seised,Helado,ft20,20 - 1,Helado
seised,annis,ft20,20 - 17,seised
Annis,.seised,ft20,20 - 16,Annis
Ren,Helado,ft20,20 - 2,Ren*
SC,meepo,ft20,20 - 8,SC
Alfa,Zender,ft20,20 - 16,Alfa
Seised,Annis,ft20,20 - 8,Seised
Helado,Seised,ft20,20 - 0,Helado
zender,Annis,ft20,20 - 19,Veinn
Seised,Annis,ft20,20 - 7,Seised
A2,Annis,ft20,20 - 15,A2
Seised,Alfa,ft20,20 - 18,Seised
zender,Veinn,ft20,20(15) - 19(15),Veinn
Miro,Zender,ft20,20 - 10,zender
zender,Super Conductor,ft20,20 - 15,SC
miro,annis,ft20,20 - 18,miro
zender,Veinn,ft20,20 - 10,zender
Helado,Ren,ft20,20 - 1,Helado
tadex,sc,ft20,20 - 11,tadex
tadex,sc,ft20,20 - 19,tadex
miro,seised skater,ft20,20 - 18,skater
tadex,Veinn,ft20,20 - 4,tadex
zender,Veinn,ft20,20 - 14,zender
zender,Veinn,ft20,20 - 19,zender
zender,Ryd,ft20,10-5,Ryd
zender,Veinn,ft20,20 - 16,zender
tadex,Veinn,ft20,20 - 18,tadex
zender,Adrian,ft20,20 - 19,Adrian
bRuki,Tadex,ft20,20 - 11,bRuki
bRuki,Tadex,ft20,11 - 12,Annis
meeeli,miro,ft20,14 - 20,miro
zender,Veinn,ft20,20 - 10,zender
suka,miro,ft20,20 - 11,suka
Suka,Miro,ft20,20 - 14,Suka
rion,miro,ft20,20 - 13,rion
tadex,miro,ft20,20 - 9,tadex
zender,annis,ft20,20 - 14,zender
hedin,miro,ft20,19 - 20,miro
.seised,annis,ft3,3 - 2,annis
.seised,annis,ft20,20 - 15,.seised
meeeli,AOMON,ft20,18 - 20,AOMON
zender,Veinn,ft20,20 - 9,zender
Rian,Xanixx,ft20,3 - 20,Xanixx
Rian,Xanixx,ft20,20 - 4,Rian
zender,veinn,ft20,20-13,zender
Ahm,zender,ft20,20 - 7,Ahm
Miro,Fabi,ft20,20 - 14,Miro
Rian,Xanixx,ft20,2 - 20,Xanixx
zender,veinn,ft20,20-13,zender
miro,fabiasheen,ft20,20-14,miro
.seised,zender,ft20,20-14,.seised
zender,annis,ft20,20-13,zender
Xanix,rian,ft20,20-4,Xanix
hedin,zender,ft20,20-13,zender
annis,pivoooooooooooooooo,ft20,20-8,annis
Xanix,rian,ft20,20-7,Xanix
Rian,Xanixx,ft20,20 - 3,Rian
Xanix,rian,ft20,20-3,Xanix
meeeli,lunicia,ft20,19 - 20,lunicia
.seised,alfa,ft20,20-0,alfa
.seised,tadej,ft20,20-14,.seised
.seised,alfa,ft20,20-14,.seised
.seised,rian,ft20,20-0,.seised
zender,veinn,ft20,20-16,veinn
zender,veinn,ft20,20-16,veinn
.seised,hespera,ft20,20-17,hespera
.seised,hespera,ft20,20-12,hespera
.seised,hespera,ft20,20-18,hespera
.seised,hespera,ft20,20-12,.seised
.seised,hespera,ft20,20-12,.seised
.seised,hespera,ft20,20-16,.seised
.seised,hespera,ft20,20-17,.seised
.seised,hespera,ft20,20-13,.seised
.seised,annis,ft20,20- 7,.seised
.seised,annis,ft20,20-4,.seised
.seised,annis,ft20,20-8,.seised
.seised,annis,ft20,20-13,.seised
svo ren,miro,ft20,20-18,svo ren
.seised,rian,ft20,20-3,.seised
Adrian,Zender,ft20,20 - 11,Adrian
tadex,Veinn,ft20,20 - 16,tadex
zender,Veinn,ft20,20-11,zender
tadex,Veinn,ft20,20 - 10,tadex
.seised,rian,ft20,20-13,.seised
J,Sirz,ft20,20-14,J
zender,Veinn,ft20,20-18,Veinn
J & Rian,Leach & Yumi,ft15,15-14,team 1
zender,Veinn,ft20,20-16,Veinn
zender,Veinn,ft20,20-18,Veinn
miro,sc,ft20,18-20,sc
miro,sc,ft20,18-20,sc
Adrian,Zender,ft20,20 - 12,Adrian
tadex,sc,ft20,20 - 15,tadex
tadex,sc,ft20,20 - 18,tadex
Adrian,Annis,ft20,20 - 0,Adrian
Adrian,SC,ft20,20 - 14,Adrian
Sirzechs,Rian,ft20,20 - 16,Rian
tadex,sc,ft20,20 - 18,tadex
tadex,annis,ft20,20 - 5,tadexx
Adrian,Alfa,ft20,13 - 20,Adrian
tadex,sc,ft20,20 - 15,tadex
Adrian,Annis,ft20,20 - 15,Adrian
taedx,.seised,ft20,20 - 16,taedx
alfa,annis,ft20,20 - 13,alfa
Adrian,Alfa,ft20,12 - 20,Adrian
Adrian,SC,ft20,7 - 20,Adrian
.seised,sc,ft20,20 - 15,.seised
.seised,sc,ft20,20 - 16,sc
tadex,sc,ft20,11 - 20,sc
Adrian,SC,ft20,20 - 18,Adrian
Adrian,Veinn,ft20,20 - 2,Adrian
.seised,rian,ft20,20 - 10,.seised
annis,zender(finger cut debuff),ft20,20 - 17,annis
Rian,Sirzechs,ft20,20 - 4,Rian
Rian,Sirzechs,ft20,20 - 8,Rian
Xanix,rian,ft20,20-4,Rian
Rian,Yoda,ft20,20 - 8,Rian
Veinn,zender,ft20,20 - 16,zender
Rian,Sirzechs,ft20,20 - 6,Rian
suka,sc,ft20,20 - 12,suka
Rian,Sirzechs,ft20,20 - 6,Rian
Xanix,Rian,ft20,7-20,Rian
Adrian,"Annis, Zender and Miro",ft15,39 - 11,Adrian
.seised,annis,ft20,20 - 13,.seised
.seised,tadej,ft20,20 - 19,.seised
Adrian,zender,ft20,20 - 13,zender
Adrian,Seised + Annis cheering him up,ft20,20 - 17,Adrian
zender,Ahm,ft20,20 - 14,Ahm
zender,Pivo,ft20,20 - 16,zender
zender,Adrian,ft20,20-6,Adrian
.seised,alfanya,ft20,20 - 16,.seised
.seised,alfanya,ft20,20 - 12,.seised
Adrian,SC,ft20,20 - 19,Adrian (SC Aura Debuff)
zender,Tad,ft20,20 - 18,Tad
Sirzechs,Annis,ft20,20 - 14,Annis
.seised,hespera,ft20,20 - 16,.seised
.seised,alfanya,ft20,20 - 17,.seised
Rian,Sirzechs,ft20,20 - 2,Rian
.seised,hespera,ft20,20 - 12,hespera
.seised,annis,ft20,20 - 17,skyni-.seised
Annis,Adrian,ft20,20 - 19,Annis
.seised,hespera,ft20,20 - 18,.seised
Adrian,Yui,ft20,20 - 14,Adrian
.seised,tadej,ft20,20 - 19,tadej
hespera,adrian,ft20,20 - 13,hespera
.seised,annis,ft20,20 - 14,.seised
Sirzechs,Adrian,ft20,20 - 3,Adrian
Yui,miro,ft20,20 - 10,Yui
Adrian,SC,ft20,20 - 13,Adrian
zender,SC,ft20,20 - 18,SC
tadex,hydralfa,ft20,20 - 15,Tad
Adrian,hydralfa,ft20,20 - 19,Hydralfa
Adrian,SC,ft20,20 - 19,Adrian
tadex,hydralfa,ft20,20 - 20,draw
.seised,adrian,ft20,20 - 17,.seised
tadex,hydralfa,ft20,20 - 7,tadex
adrian,tadex,ft20,20 - 12,adrian
asleep tadex,hydralfa,ft20,20 - 16,Tad
Alfa,Adrian,ft20,14 - 20,Adrian
SC,Alfa,ft20,19 - 20,Hydralfa
Adrian,Miro,ft20,7 - 20,Miro of course
Alfa,Miro,ft20,14 - 20,Miro
SC,Adrian,ft20,20 - 17,SC
Alfa,Adrian,ft20,11 - 20,Adrian
Alfa,Adrian,ft20,13 - 20,Adrian
Alfa,Adrian,ft20,18 - 20,Alfa
Alfa,Adrian,ft20,10 - 20,Adrian
SC,Tadex,ft20,20 - 19,SC
Alfa,Adrian,ft20,16 - 20,Alfa
Zender,Adrian,ft20,14 - 20,Adrian
zender,Miro,ft20,11 - 20,zender
Adrian,Rian,ft20,20 - 10,Adrian
Alfa,Adrian,ft20,18 - 20,Adrian
Adrian,Tadex,ft20,20 - 15,Adrian
miro,annis,ft20,20 - 19,miro
Adrian,Miro,ft20,9 - 20,Adrian
Adrian,Annis,ft20,18 - 20,Adrian
Adrian,SC,ft20,20 - 12,Adrian
Adrian,Annis,ft20,6 - 20,Adrian
annis miro rian,adrian suka tali,ft15,15 - 11,annis miro rian
tadex,annis,ft20,20 - 13,tadex
Adrian,Suka,ft20,20 - 8,Adrian (Suka let me win)
tadex,SC,ft20,20 - 9,tadex
Adrian,SC,ft20,17 - 20,SC
miro,rian,ft20,16-20,rian
Adrian,Adrian,ft20,16 - 20,the other Adrian
annis,miro,ft20,13-20,miro
Adrian,miro,ft20,20 - 9,Adrian
Adrian,Annis,ft20,9 - 11,Osama bin Laden
adrian,miro,ft20,20 - 10,adrian
meeeli,lunicia,ft20,16 - 20,lunicia
suka,hespepe,ft20,20 - 15,suka
Adrian,Brain Rot SC,ft20,20 - 11,Adrian
tadexxxx,scccc,ft20,20 - 9,todex
Adrian,miro,ft20,20 - 9,Adrian
Adrian,Tadex,ft20,19 - 20,Adrian
meeeli,lunicia,ft20,12 - 20,lunicia
Adrian,Best Player (Rian),ft20,9 - 20,Rian
sc,annis,ft20,20 - 18,sc
Adrian,Tadex,ft20,19 - 20,Adrian
Adrian,Annis,ft20,20 - 16,Adrian
tadex,sc,ft20,20 - 12,tadex
bRuki,A2,ft10,10 - 9,bRuki
tadex,seised,ft20,20 - 11,tadex
syal,miro,ft20,20 - 15(something like that),syal
tadex,sc,ft20,20 - 12,tadex
a2,annis,ft20,20 - 9,a2
tadex,annis,ft20,20 - 0,tadex
seised,miro,ft20,20 - 11,seised
seised,miro,ft20,20 - 17,miro
Rian,Annis,ft20,20 - 8,Rian
fabiasheeen,miro,ft1,0-1,miro
tadex,miro,ft20,20 - 5,tadex
tadex,annis,ft20,20 - 3,tadex
tadex,annis,ft20,20 - 7,tadex
spicy,annis,ft100,100-62,spicy
meeeli,Aomon/AAA/MrCharlok,ft20,15 - 20,Aomon
meeeli,lunicia,ft20,12 - 20,lunicia
SC,miro,ft20,20 - 17,SC
Rian,ovrbls,ft20,20 - 9,Rian
Rian,ovrbls,ft20,20 - 11,Rian
Rian,Seised,ft20,20 - 17,Rian
seised,miro,ft20,20 - 4,miro
annis,overblades,ft20,20 - 16,annis
miro,ovrbls,ft20,17 - 20,ovrbls
annis,miro,ft20,20 - 14,annis
Veinn,zender,ft3 in a row,3 - 0,zender
annis,tadex (reel),ft20,20 - 2,tadex (reel)
tadex,annis,ft20,20 - 4,tadex
annis,tadex,ft20,20 - 14,tadex
miro,tadex (real),ft20,8 - 20,tadex (real)
annis,tadex (reel),ft20,20 - 7,tadex (reel)
meeeli,ren,ft20,12 - 20,ren
annis,miro,ft10,6 - 10,miro
Veinn,zender,ft3 in a row,3 - 2,Veinn
tadex,tadex,ft20,20 - 18,tadex
tadex,**B**ruki,ft20,20 - 11,Annis
tadex,**Br**uki,ft20,20 - 13,tadex
zender,rian,ft20,20 - 18,zender
meeeli,pivo,ft20,12 - 20,pivo
zender,sc,ft20,20 - 17,sc
meeeli,Domene,ft10,10- 7,meeeli
annis,tadex,ft20,20 - 16,annis
tadex,SC,ft20,20 - 17,tadex
Veinn,zender,ft3 in a row,3 - 0,zender
tadex,annis,ft20,20 - 6,tadex
suka,miro,ft20,20 - 10,suka
tadex,sc,ft20,20 - 9,tadex
tadex,annis,ft20,20 - 4,tadex
tadex,reanu keeves,ft10,10 - 2,tadex
"meeeli, Ayyoo","lunicia, Domene",ft15,9 - 15,"lunicia, Domene"
hespera,annis,ft20,20 - 12,hespera
spicy,annis,ft20,20 - 15,spicy
SC,Adrian (Shaking in fear),ft20,20 - 17,SC
Rian,Ryd,ft20,20 - 16,Rian
meeeli,Bellion,ft20,20 - 4,meeeli
zender,annis,ft20,20 - 16,zender
lunicia,Ayyoo,ft20,20 - 16,lunicia
zender,sc,ft20,20 - 18,sc
annis,miro,ft20,20 - 15,annis
annis,tali,ft20,20 - 8,annis
annis,miro,ft20,20 - 12,miro
Rion,miro,ft20,20 - 7,Rion
Rian,Pivo,ft20,20 - 10,Rian
Rion,miro,ft20,20 - 18,miro
alfa,miro,ft20,20 - 8,alfa
meeeli,silysily,ft20,20 - 16,meeeli
meeeli,lunicia (post sh*t buff),ft20,16 - 20,lunicia
tadex,annis,ft20,20 - 11,Tadex
Suka,Adrian,ft20,19 - 20,Adrian
meeeli,Domene,ft20,20 - 9,meeeli
meeeli,lunicia (tummy ache debuff),ft20,20 - 13,meeeli
meeeli,lunicia,ft20,9 - 20,lunicia
tadex,annis,ft20,20 - 7,tadex
tadex,annis,ft20,20 - 5,tadex
pivo,annis,ft20,20 - 12,Annis
Annis,Miro,ft20,20 - 19,Miro
Rian,Annis,ft20,20 - 13,Rian
Rian,Miro,ft20,20 - 8,Rian
a3km,pidorasura,ft20,20 - 19,a3km
Adrian,Annis,ft20,20 - 2,Adrian
lunicia,miro,ft20,20 - 15,lunicia
meeeli,Saiden,ft50,22 - 50,Saiden
annis,ren,ft20,20 - 13,ren
Saiden,you,ft20,20 - 8,you
Rian,Annis,ft1,1 - 0,Rian
lunicia,annis,ft20,20 - 10,lunicia
tadex,annis,ft20,20 - 6,tadex
tadex,annis,ft20,20 - 7,tadex
pivo,miro (stats debuff),ft20,20 - 11,pivo
Annis,Miro,ft20,20 - 14,Annis
meeeli,lunicia,ft20,13 - 20,lunicia
suka,annis,ft20,20 - 5,annis
meeeli,lunicia,ft20,12 - 20,lunicia
annis,pivo,ft20,20 - 13,annis
Annis,pivo,ft20,20 - 19,Annis
"meeeli, Bellion, Night","Sharp, lunicia",ft15,11 - 15,"Sharp, lunicia"
suka,miro,ft20,20 - 13,suka
Adrian,SC,ft20,10 - 20,Adrian
"meeeli, lunicia","Sharp, Bellion",ft15,15 - 12,"meeeli, lunicia"
suka,miro,ft20,20 - 10,suka
tadex,miro,ft20,20 - 8,tadex
Tadex,Annis,ft20,20 - 4,Tadex
meeeli,silysily,ft20,20 - 14,meeeli
Tadex,Annis,ft20,20 - 14,Tadex
Adrian,Annis,ft20,4 - 20,Adrian
mirop,pivo,ft20,20 - 7,pivo
tadex,ryd,ft20,20 - 16,tadex
tadex,annis,ft20,20 - 7 (red color filter debuff??),tadex
miro,suka,ft20,8-20,suka
j,pivo,ft20,20 - 4,pivo
miro,suka,ft20,15 - 20,suka
ren,pivo,ft1,1 - 0,pivo
spin,annis,ft20,20 - 17,spinjitzu
miro,annis,ft20,20 - 15,miro
meeeli,lunicia,ft20,14 - 20,lunicia
miro,suka,ft20,13 - 20,suka
miro,tali,ft20,17 - 20,tali
miro,renterik,ft20,20 - 19,miro
Esdeath,pivo,ft20,20 - 11,Esdeath
Esdeath,zender,ft20,17 - 20,zender
Esdeath,pivo,ft20,20 - 15,Esdeath
Annis,zender,ft20,17 - 20,zender
suka,annis,ft20,19 - 20,annis
Adrian,Zender,ft20,9 - 20,Adrian
Saiden,Miro,ft20,20 - 18,Miro
Annis,Xanixxx,ft20,20 - 12,Annis
SC meow,pivo,ft20,8-20,SC
Tad,Zender,ft20,20-16,Tad
miro,suka,ft20,13-20,suka
meeeli,silysily,ft20,20 - 9,meeeli
Aliya,Yoda,ft20,20-12,Aliya
Saiden,Miro,ft20,20 - 19,Saiden
Seised,Zender,ft20,20-15,Seised
Esdeath,zender,ft20,18 - 20,Esdeath
Saiden,Miro,ft20,20 - 10,miro
Esdeath,Miro,ft20,20 - 9,Esdeath
Veinn,Zender,ft20,20-16,zender
Saiden,Miro,ft20,20 - 16,Saiden
Seised,Zender,ft20,20-6,Seised
Esdeath,Miro,ft20,20 - 8,Esdeath
Pivo,Annis,ft20,20 - 15,Annis (i was literally losing so hard at the beginning when he didnt even play for a week at all)
zender,TadX(rank),ft20,20-17,Tad
Sirzechs,Rian,ft20,20 - 17,Rian
zender,TadX(rank),ft20,20-11,Tad
meeeli,lunicia,ft20,14 - 20,lunicia
xanixxx,miro,ft20,16-20,miro
Sirzechs,Alfa,ft20,20 - 4,Alfa
Rian,Annis,ft20,20 - 15,Rian
annis,miro,ft20,16-20,miro
SpinJutsu,Xanixxx,ft20,20 - 13,Xanixxx
rian,miro,ft20,20 - 17,Rian
Rian,Annis,ft20,20 - 19 (again <:despair:1249017142976712815> ),Rian
rian,pivo,ft20,20 - 6,Rian
suka,miro,ft20,20-9,suka
ren,Helado,ft20,20-5,Helado
zender,Yui,ft20,20-12,Yui
ovrbls,miro,ft20,20-18,ovrbls
yui,miro,ft20,20-5,Yui
tadex,miro,ft20,20-10,tadex
suka,miro,ft20,20-16,suka
suka,miro,ft20,20-10,suka
Alfa,Rian,ft20,12 - 20,Alfa
suka,miro,ft20,20-12,suka
Saiden,pivo,ft20,13 - 20,pivo
zender,miro,ft20,20-10,zender
Alfa,Rian,ft20,18 - 20,Alfa
Seised,Helado,ft20,20 - 18,Helado
Sirzechs,Rian,ft20,20 - 14,Rian
meeeli,Ayyo,ft20,20 - 17,meeeli
Annis,Seised(sleepy),ft20,20 - 13,Seised
Sirzechs,Alfa,ft20,20 - 2,Alfa
Annis,J,ft20,20 - 11,Annis
xanixxx,miro,ft20,16-20,miro
xanixxx,miro,ft20,14-20,miro
Suka,zender,ft20,20 - 16,zender
Tad,zender,ft20,20 - 13,Tad
Tadex,Seised,ft20,20 - 15,Tadex
Annis,Xanixxx,ft20,20 - 19,Xanixxx
Rian,Aliya,ft20,20 - 15,Rian
YUi,zender,ft20,20 - 14,Yui
Sirzechs,Xanixxx,ft20,20 - 14,Xanixxx
Tadex,Yoda,ft20,20 - 5,Tadex
Tadex,Annis,ft20,20 - 8,Tadex
pivo,miro,ft20,20 - 17,pivo
tadex,Kivi,ft20,20 - 12,Kivi
miro,pivo,ft20,20 - 19,pivo
Xanixxx,Spinjutsu,ft20,20 - 5,Spinjutsu
Xanixxx,ovrbls,ft20,15 - 20,ovrbls
miro,suka,ft20,14-20,suka
Alfa,zender,ft20,20 - 18,Alfa
zender,SC,ft20,20 - 19,zender
A(rank)lfa,Zender,ft20,20 - 11,Alfa
Annis,Kivi,ft20,20 - 12,Kivi
Tadex,Annis,ft20,20 - 8,Tadex
Alfa,Zender,ft20,20 - 11,Alfa
Hespera,Kivi,ft20,20 - 14 (or 16 i forgot),Kivi
Seised,Alfa,ft20,20 - 19,Alfa
Hespera,Kivi,ft20,20 - 19,Hespera
Alfa,Hespera,ft20,20 - 14,Alfa
Alfa,Hespera,ft20,20 - 16,Hespera
Seised,Rian,ft20,20 - 14,Seised
Seised,Hespera,ft20,20 - 19,Seised
Alfa,SC,ft20,20 - 19,Alfa
Xanixxx,Spinjutsu,ft20,20 - 9,Spinjutsu
tadex,alfa,ft20,20 - 9,tadex
Xanixxx,Yoda,ft20,20 - 16,Xanixxx
Tadex,Paladino,ft20,20 - 5,Tadex
Annis,Rian,ft20,20 - 19,Rian
Saiden,Lunicia,ft20,20 - 10,saiden
piwo,suka,ft20,20 - 4,suka
miro,piwo,ft20,8-20,piwo
piwo,suka,ft20,20 - 7,suka
Tadex,Paladino,ft20,20 - 17,Tadex
Miro,suka,ft20,20 - 12,suka
Miro,Zender,ft20,20 - 11,zender
Sirzechs,Xanixxx,ft20,20 - 10,Xanixxx
Xanixx,Alfa,ft20,20 - 5,Alfa
Annis,zender,ft20,6 - 20,zender
Rian,Sirzechs,ft20,20 - 5,Rian
Saiden,Esdeath,ft20,20 - 8,esdeath
Rian,Zender,ft20,20 - 12,Rian
Paladino,Annis,ft20,20- 19,Paladino
Xanixx,Alfa,ft20,20 - 8,Alfa
Sirzechs,Alfa,ft20,20 - 1,Alfa
Seised,Alfa,ft20,20 - 19,Seised
ovrbls,annis,ft20,20- 14,ovrbls
alfa,pivo,ft20,8- 20,alfa
Annis,Seised,ft20,20 - 8 or 9 idr,Seised
over1k,pivo,ft20,11- 20,over
Xanix,Zender,ft20,20 - 19,zender
annis,pivo,ft20,18- 20,annis
Saiden,Lunicia,ft20,20 - 16,saiden
Annis,Alfa,ft20,20 - 9,Alfa
Annis,Alfa,ft20,20 - 8,Alfa
Sirzechs,Yoda,ft20,20 - 14,Yoda
Yoda,Sirzechs,ft20,20 - 14,Sirzechs
Annis,Tadex,ft20,20 - 8,Tadex
Paladino,Annis,ft20,20 - 18,Paladino
Paladino,Yoda,ft20,20 - 7,Paladino
Seised,Alfa,ft20,20 - 12,Seised
Seised,Alfa,ft20,20 - 17,Seised
Annis,kivi,ft20,20 - 18,kivi
Jenox,Annis (10th Duel),ft20,20 - 11,Jenox
Xanixxx,sirzechs,ft20,20 - 10,Xanixxx
A2,Asura,ft20,20 - 10,A2
aliya,sirzechs,ft20,20 - 18,aliya
tadex,alfa,ft20,20 - 16,tadex
ren,sirzechs,ft20,20 - 8,rena
Tadex vs Annis,bRuki,ft100 kills,100 (tadex) - 35 (annis) - 24 (bruki),Tadex
ren,sirzechs,ft20,20 - 6,rena
tadex,annis,ft20,20 - 7,tadex
Seised,Tadej,ft20,20 - 18,Seised
Seised,Suka,ft20,20 - 17,Seised
Miro,Paladino,ft20,20 - 18,Paladino
Annis,miro,ft20,20 - 16,Annis
Annis,Ren,ft20,20 - 16,Ren
Annis,pivo,ft20,20 - 18,Pivo
paladino,me,ft20,20 - 4,paladino
tadex,pivo,ft20,20 - 2,tadex
annis,suka,ft20,20 - 6,suka
annis,pivo,ft20,20 - 14,"annis ( I went beyond my limits, but she humiliated me anyway<:despair:1249017142976712815> )"
pivo,suka,ft20,20 - 13,suka
miro,pivo,ft20,20 - 18,miro
Paladino,Esdeath,ft20,20 - 19,Paladino
twins,airplane,ft11,9 - 11,airplane <:despair:1249017142976712815>
Alfa,Zender (stat changing debuff),ft11,20 - 9,Alfa
suka,miro,ft20,20 - 13,Suka
Annis,Paladino,ft20,20 - 14,Paladino
Annis,miro,ft20,20 - 11,Annis
Annis,pivo,ft20,20 - 12,Annis
Ravanello,pivo,ft20,20 - 15,Ravanello (asta)
tadex,Aliya,ft20,20 - 9,tadex
suka,Annis,ft20,20 - 19,Suka
tadex,Aliya,ft20,20 - 9,tadex
tadex,miro,ft20,20 - 7,tadex
Pivo,Aliya,ft20,20 - 15,Pivo
Paladino,Annis,ft20,20 - 9,Paladino
Aliya,Miro,ft20,20 - 12,Aliya
zender,suka,ft20,20 - 10,suka
Annis,Sirzechs,ft20,20 - 7,Annis
Paladino,Seised,ft20,20 - 16,Seised
ren,Aliya,ft20,20 - 9,ren
zender,suka,ft20,20 - 9,suka
Aliya,Pivo,ft20,20 - 10,Aliya
Paladino,Aliya,ft20,20 - 16,Paladino
pivo,annis,ft20,20-16,Pivo
tadex,suka,ft20,20 - 18,tadex
overblade,fabiasheen,ft20,12 - 20,ovr
ren,fabiasheen,ft20,5 - 20,svo ren
Annis,suka,ft20,20 - 12,Annis
Paladino,Sky,ft20,20-15,Paladino
tadex,plep,ft20,20 - 15,tadex
fabiasheen,suka,ft20,11 - 20,suka
tadex,alfa,ft20,18 - 20,alfa
Annis,suka,ft20,20 - 5,suka
paladino,ovrbls,ft20,20 - 15,paladino
meeeli,Domene,ft20,16 - 20,Domene
Xolo,Aliya,ft20,20 - 18,Xolo
Xolo,Seised,ft20,20 - 8,Seised
Paladino,Hespera,ft20,20-16,Hespera
zender,Yui,ft20,20 - 3,Yui
tadex,Annis,ft20,20 - 14,tadex
Jenox,Annis,ft20,20 - 11,Jenox
Xanixxx,Annis,ft20,20 - 17,Xanixxx
Rian,Annis,ft20,20 - 10,Rian
Rian,Xanixxx,ft20,20 -16,Rian
Rian,Annis,ft20,20 - 18,Rian
Seised,Xolo,ft20,20 - 3,Seised
Seised,Annis,ft20,20 - 8,Seised
tadex,plep,ft20,20 - 11,tadex
zender,Yui,ft20,20 - 4,zender
Seised,Zender,ft20,20 - 3,Seised
Annis,pivo,ft20,20 - 17,Annis
Seised,Tadej,ft20,20 - 16,Sisid
Adrian,Paladino,ft20,13 - 20,Adrian
Adrian,Paladino,ft20,3 - 20,Adrian
Adrian,Annis,ft20,17 - 20,Adrian
Ren,Annis,ft20,10 - 20,Annis
Rian,Xanixxx,ft20,18 - 20,Xanixxx
Adrian,Annis,ft20,1 - 20,Adrian
Seised,suka,ft20,20 - 13,suka
suka,annis,ft20,20 - 7,suka
Seised,Xolo,ft20,20 - 9,Seised
Seised,Xolo,ft20,20 - 2,Seised
Paladino,zender,ft20,10 - 20,zender
Annis,zender,ft20,17 - 20,zender
Adrian,zender,ft20,13 - 20,Adrian
pivo,Annis,ft20,11 - 20,Annis
Adrian,zender,ft20,18 - 20,zender
Annis,suka,ft20,19 - 20,suka
Annis,suka,ft20,12 - 20,suka
Annis,zender,ft20,13 - 20,zender
Alfa,Adrian,ft20,20 - 16,Adrian
zender,Suka,ft20,20 - 17,Suka
miro,suka,ft20,15 - 20,suka
miro,suka,ft20,20 - 17,miro
Seised,Adrian,ft20,20 - 15,Seised
miro,suka,ft20,11 - 20,suka
Paladino,Adrian,ft20,20 - 9,Adrian
Seised,miro,ft20,20 - 11,Seised
Yui,Hespera,ft20,20 - 18,Yui
paladino,miro,ft20,20 - 15,paladino
Miro,Hespera,ft20,20 - 19,Miro
Seised,Hespera,ft20,20 - 15,Seised
Hespera,miro,ft20,20 - 11,Hespera
zender,pivo,ft20,20-15,zender
Ph3x,Adrian,ft20,20 - 10,Ph3x
Hespera,Yui,ft20,20 - 18,Hespera
Seised,zender,ft20,14 - 17,Seised tactically retreated :v
miro,pivo,ft20,10 - 20,pivo
Seised,Miro,ft20,20-6,Seised
Seised & Adrian,Miro & zender,ft15,15 - 10,team 1
Zender,Adrian,ft20,20-11,Adrian
Seised & Adrian,Miro & zender,ft10,10 - 9,team 1
Zender,Adrian,ft20,20-11,Adrian
Seised,zender,ft20,20-11,Seised
Seised,Adrian,ft20,20-11,Adrian
Seised,zender,ft20,20-12,Seised
Seised,Elar,ft20,20-1,Seised
Seised,Miro,ft20,20 - 18,Miro
miro,Sky,ft20,20 - 18,miro
Adrian,Hespera,ft20,20 - 6,Adrian (39 degree fever buff)
Seised,Sky,ft20,20 - 9,Seised
Ph3x,miro,ft20,20 - 7,ph3x
paladino,miro,ft20,20 - 18,paladino
Aliya,Sky,ft20,20 - 17,Sky
Annis,Adrian,ft20,9 - 20,Adrian
Sirzechs,Rian,ft20,20 - 9,Rian
Ph3x,miro,ft20,20 - 5,ph3x
Adrian,Ph3x,ft20,20 - 15,Ph3x
Aliya,Sky,ft20,20 - 12,Sky
Adrian,Ph3x,ft20,15 - 20,Adrian
Adrian(ping debuff can't kill),miro(ping buff can kill),ft20,20 - 15,adrian
zender,Seised,ft20,20 - 19,zender
zender,veinn,ft5,5 - 2,zender
Ph3x,Miro,ft20,20 - 11,ph3x
zender,miro,ft10,10 - 5,zender
Ph3x,Miro,ft20,20 - 6,ph3x
pivo,ryd,ft20,20 - 16,pivo
Seised,Aliya,ft20,20 - 4,Seised
Seised,Rion,ft20,20 - 7,Seised
Adrian,Seised,ft20,20 - 20,50/50
zender,miro,ft10,10 - 3,miro
pivo,rion,ft20,20 - 19,rion
Rian,Ryd,ft20,20 - 19,Rian
fabiasheen,"miro,suka",ft15,15-2,miro suka
pivo,ren,ft20,20 - 16,pivo
zender,Plep,ft20,20 - 14,zender
Aliya,Ren,ft20,20 - 19,Aliya
Ryd,Sky,ft20,20 - 16,Sky
Annis,Suka,ft20,20 - 15,Suka
Hespera,Adrian,ft20,20 - 16,Hespera
pivo,rian,ft20,20 - 4,rian
zender,Miro,ft20,20-19,zender
Annis,Paladino,ft20,20 - 18,Annis
Adrian,Paladino,ft20,20 - 9,Adrian
Annis,Miro,ft20,20 - 16,Annis
suka,miro,ft20,20 - 9,suka
Seised,Paladino,ft20,20 - 6,Seised
seised,miro,ft20,20 - 14,seised
Seised,Annis,ft20,20 - 2,Seised
Seised,Adrian,ft20,20 - 19,Cexed
Seised,Saiden,ft20,20-6,Seised
suka,miro,ft20,20 - 6,suka
suka,miro,ft20,20 - 15,suka
seised,miro,ft20,20 - 9,seised
Seised,Saiden,ft20,20-13,Seised
lunicia,pivo,ft20,20 - 19,lunicia
suka,miro,ft20,20 - 12,suka
Rian,Adrian,ft20,20 - 13,Adrian
Rian,Pivo,ft20,20 - 14,Rian
lunicia,rian,ft20,20 - 14,rian
Seised,Alfa,ft20,20-14,Alfa
Seised,Rian,ft20,20-11,Seised
Domene,Osaka,ft20,20-19,Osaka
kivi,miro,ft20,20 - 6,kivi
Adrian,Hespera,ft20,20-18,Hespera
Adrian,Suka,ft20,20 - 13,Adrian
seised,miro,ft20,20 - 2,seised
Adrian,Hespera,ft20,12-20,Adrian
Kivi,Hespera,ft20,20-19,Hespera
Kivi,Hespera,ft20,20-19,Kivi
Adrian,miro,ft20,20-11,Adrian
miro,Saiden,ft20,20-11,miro
Seised,Rian,ft20,20-14,Seised
miro,kivi,ft20,14-20,kivi
Fabiasheen,Alfa,ft20,20-2,Alfa
miro,Saiden,ft20,20-12,miro
Ph3x,Adrian,ft20,20-7,Ph3x
Ph3x,Adrian,ft20,12-20,Adrian
Ph3x,Suka,ft20,20-6,Ph3x
Yumi,Osaka,ft20,20-3,Yumi
Ph3x,Adrian,ft20,15-20,Adrian
Ph3x,Alfa,ft20,20-14,Ph3x
Ph3x,Adrian,ft20,17-20,Adrian
Annis,Sky,ft20,20-16,Annis
Annis,Sky,ft20,20-16,Annis
Annis,Sky,ft20,20-16,Sky
Kashimo,Adrian,ft20,20 - 16,Adrian
Kashimo,Sky,ft20,20-10,Kashimo
Endless,Sky,ft20,20-15,Endless
Annis,Sky,ft20,20-16,Sky
Ph3x,Adrian,ft20,20-18,Ph3x
Lunicia,Sky,ft20,20-13,Sky
Ren,Sky,ft20,20 - 18,Sky
Ph3x,pivo,ft20,20-5,Ph3x
suka,miro,ft20,20 - 14,suka
suka,miro,ft20,20 - 10,suka
Ph3x,Adrian,ft20,20-10,Ph3x
rian,pivo,ft20,20 - 13,rian (and he is A rank XDDDDD)
Ph3x,Adrian,ft20,20-9,Ph3x
Ph3x,Sky,ft20,20-5,Ph3x
ph3x,miro,ft20,20 - 13,ph3x
ph3x,miro,ft20,20 - 4,ph3x
Rian,Adrian,ft20,12 - 20,Adrian
esdeath,kivi,ft20,13 - 20,kivi
suka,miro,ft20,20 - 11,suka
Alfa,Adrian,ft20,3 - 8,To Be Continued
esdeath,miro,ft20,20 - 18,esdeath
adrian,pivo,ft20,20 - 11,adrian
esdeath,kivi,ft20,9 - 20,kivi
Seised,Adrian,ft20,20-5,Adrian (Cexxed Version)
Seised,Alfa,ft20,20-16,Seised
Ph3x,Adrian,ft20,20-13,Ph3x
Elar,Annis,ft20,20-16,Annis
Elar,Annis,ft20,20-10,Annis
Ph3x,Adrian,ft20,20-18,Ph3x
miro,pivo (all debufs),ft20,20-11,miro
Adrian,Ph3x,ft20,20-9,Adrian
Ph3x,Miro,ft20,20-15,Ph3x
Seised,Rian,ft20,20-7,Seised
miro,Saiden,ft20,20-4,miro
Alfa,Adrian,ft20,20-13,Alfa
Ph3x,Adrian,ft20,20-13,Ph3x
Annis,Suka,ft20,20 - 7,Suka
ph3x,miro,ft20,20-16,ph3x
Ph3x,Rian,ft20,20-7,Ph3x
kiwi,miro,ft20,18-20,miro
pivo,miro,ft20,20-16,miro mazafaker
Adrian,Alfa,ft20,20-19,Adrian
Adrian,Seised (Rigged),ft20,20 - 16,Adrian
Annis,Elar,ft20,20-17,Annis
Ph3x,Rian,ft20,20-3,Ph3x
Annis,Suka,ft20,20-13,Suka
Annis,Leach,ft20,20-18,Leach
pivo,ovrbls,ft20,20 - 19,overblyats
pivo,ovrbls,ft20,20 - 14,pivo
pivo,renterik,ft20,20 -15,renterik
Rian,Adrian,ft20,20-16,Rian
Rian,Ren,ft20,9-20,Rian
seised,miro,ft20,20-13,seised
renterik,miro,ft20,10-20,miro
Rian,Ren,ft20,14-20,Rian
miro,rian,ft20,16-20,rian
miro,suka,ft20,16-20,suka
Rian,Ren,ft20,14-20,Rian
Adrian,Paladino,ft20,20-6,Adrian
renterik,miro,ft20,10-20,miro
Pivo,Paladino,ft20,20 - 11,Paladino
renterik,kivi,ft20,16-20,kivi
Plep,Saiden,ft20,20 - 19,Saiden
helado,miro,ft20,8-20,miro
Plep,pivo,ft20,20 - 11,Plep
ren,miro,ft20,18-20,miro
miro,kivi,ft20,16-20,kivi
Annis,Bruki,ft20,20 - 14,Annis
miro,kivi,ft20,12-20,kivi
suka,miro,ft20,20-17,suka
plip,kivi,ft20,10 - 15,kivi
Ph3x,Adrian,ft20,20-17,Ph3x
seised,kivi,ft20,18-20,kivi
adrian,kivi,ft20,15-20,kivi
esdeath,kivi,ft20,14-20,kivi
plip,kivi,ft20,14-20,kivi
Pex,suka,ft20,18-20,Pex
miro,pivo,ft20,20-5,miro
miro,pivo,ft20,15-20,pivo
Adrian,kivi,ft20,11-20,kivi
miro,kivi,ft20,9-20,kivi
Tad,KiVi,ft20,20 - 13,Kivi
suka,miro,ft100k,100k - 66k,suka
Paladino,Kivi,ft20,20 - 4,Kivi
suka,pivo,ft20,20-5,suka
sharp,miro,ft20,17-20,miro
Plep,Adrian,ft20,12 - 20,Adrian
fabiasheen,miro,ft20,7-20,miro
suka,asura,ft20,20-14,suka
sharp,miro,ft20,16-20,miro
suka,pivo,ft20,20 - 15,suka
suka,adrian,ft20,20 - 11,suka
suka,adrian,ft20,20 - 17,suka
suka,miro,ft20,20 - 11,suka
seised,suka,ft20,17-20,suka
Kivi,adrian,ft20,20 - 16,kivi
piwo,miro,ft20,16-20,miro
piwo,suka,ft20,20 - 10,suka
piwo,miro,ft20,18-20,miro
suka,miro,ft20,20-8,suka
adrian,miro,ft20,20-13,adrian
Pex,miro,ft20,20-7,Pex
Pex,suka,ft20,12-20,pex
miro,ph3x,ft20,13-20,ph3x
Pex,suka,ft20,9-20,pex
Pex,suka,ft20,14-20,pex
Miro,suka,ft20,20 - 9,suka
miro,rion,ft20,13-20,rion
miro,paladino,ft20,20 - 10,miro
miro,suka,ft20,13-20,suka
Adrian,Alfa,ft20,16 - 20,Alfa
Adrian,Alfa,ft20,16 - 20,Alfa
Miro,Plep,ft20,20 - 17,Plep
miro,seised,ft20,10-20,seised
Adrian,Alfa,ft20,14 - 20,Alfa
Phoenix,Adrian,ft20,20 - 12,Phoenix
Phoenix,Adrian,ft20,20 - 9,Phoenix
Ren,Rian,ft20,20 - 10,Rian
Phoenix,Alfa,ft20,18 - 20,Alfa
Ph3x,Paladino,ft20,20 - 11,Ph3x
fabiasheen,terami,ft20,22-0,fabiasheen
suka,pivo,ft20,20-14,suka
Adrian,Paladino,ft20,20 - 11,Adrian
Phoenix,Zangetsu,ft20,20 - 6,Phoenix
phex,pivo,ft20,20-2,phex
Adrian,Alfa,ft20,20 - 16,Adrian
Phoenix,Pivo,ft20,20 - 2,Phoenix
Phoenix,Alfa,ft20,20 - 6,Phoenix
Alfa,Pex,ft20,19 - 20,Alfa
Plep,Tadex,ft20,14 - 20,Tadex
Plep,Tadex,ft20,14 - 20,Tadex
Plep,Tadex,ft20,14 - 20,Tadex
Plep,Tadex,ft20,9 - 20,Tadex
meeeli,Sky,ft20,11 - 20,Sky
Phoenix,Miro,ft20,20 - 5,Phoenix
Plep,Tadex,ft20,7 - 20,Tadex
Adrian,Alfa,ft20,20 - 7,Adrian
Aliya,Rai,ft20,20 - 9,Aliya
Seised,Alfa,ft20,20 - 10,Alfa
Ph3x,Adrian,ft20,20 - 18,ph3x
Ph3x,Adrian,ft20,20 - 10,ph3x
Seised,Ph3x,ft20,6 - 19,Ph3x
Ph3x,Kivi,ft20,14 - 13,Unfinished
Ph3x,Adrian,ft20,20 - 10,ph3x
meeeli,Sky,ft20,11 - 20,Sky
Ph3x,Kivi,ft20,19 - 20,Kivi
Pivo,Aliya,ft20,20 - 16,Pivo
Adrian,Ph3x,ft20,13 - 20,Adrian
tadex,adrian,ft20,16 - 20,adrian
Plep,Esdeath,ft20,20 - 10,Plep
Plep,Esdeath,ft20,15 - 20,Esdeath
Annis,pivo,ft20,20 -13,Annis
Alfa,Tadex,ft20,14 - 20,Tad
Reanu Keeves,Tadex,ft41,1 - 41,Tadex
tadex,a2,ft20,15 - 20,a2
Plep,Esdeath,ft20,15 - 20,Esdeath
seised,suka,ft20,17-20,suka
yiu,pex,ft20,20 - 12,yiu
meeeli,Esdeath,ft20,7 - 20,Esdeath
meeeli,Esdeath,ft20,8 - 20,Esdeath
Kivi,Plep,ft20,14- 20,Kivi
Alfa,Yui,ft20,20 - 20,Draw
meeeli,Mercy,ft20,20 - 15,meeeli
fabiasheen,zero1,ft20,7-20,fabiasheen
Aliya,Xanixxx,ft20,20 - 15,Aliya
Kivi,Plep,ft20,11- 15,Kivi
Seised,Adrian,ft20,20 - 19,Seised
Paladino,Aliya,ft20,20 - 10,Paladino
Esdeath,Kivi,ft20,14-20,Kivi
Phoenix,Paladino,ft20,20 - 3,Phoenix
Plep,Esdeath,ft20,20 - 17,Plep
A2,Kivi,ft20,20 - 14,Kivi
Sas,Paladino,ft20,20 - 11,Sas
<@662792045617872996>,<@637908000052477953>,ft20,20 - 17,Plep
Adrian,Ph3x,ft20,14 - 20,Ph3x
Plep,Esdeath,ft20,20 - 17,Plep
Phoenix,Adrian,ft20,20 - 8,Phoenix
<@618784334173962240>,<@633398160844259348>,ft20,20 - 3,Kaiden
@Terami,@sas sasas,ft20,20 - 14,Terami
<@203943566479851521>,<@186075780768333824>,ft20,20 - 17,Blitz
<@246256712334442497> & <@186075780768333824>,<@209257693993631744> & Ahm,ft15,15 - 7,team 2
<@533681260204392468>,<@673053465727074304>,ft20,20 - 18,Jenox
<@246256712334442497> & <@209257693993631744>,<@186075780768333824> & Ahm,ft15,15 - 12,team 2
<@246256712334442497>,<@209257693993631744>,ft20,20 - 16,Tad
<@246256712334442497> & Ahm,<@186075780768333824> & <@209257693993631744>,ft15,15 - 11,team 1
<@729217412007985152> <@533681260204392468> <@662792045617872996> <@979395168547504238>,<@203943566479851521> <@170289081278922753> <@922890500925714513> @Saiden,ft15,15 - 13,team 1
<@254234672639377409>,<@209257693993631744>,ft20,20 - 19,<@209257693993631744>
<@864526001681334325>,<@209257693993631744>,ft20,20 - 13,Ph3x
<@771427111013318669>,@Olas,ft20,20 - 18,<@771427111013318669>
<@208414964568948737>,<@729217412007985152>,ft20,20 - 12,Rival
<@864526001681334325>,<@254234672639377409>,ft20,20 - 19,Alfa
<@864526001681334325>,<@215963632121413632>,ft20,20 - 7,Ph3x
<@864526001681334325>,<@254234672639377409>,ft20,20 - 8,Ph3x
<@864526001681334325>,<@215963632121413632>,ft20,19 - 20,Fen
<@864526001681334325>,<@254234672639377409>,ft20,18 - 20,Alfa
<@864526001681334325>,<@254234672639377409>,ft20,20 - 10,Ph3x
<@864526001681334325>,<@531534866097897485>,ft20,20 - 11,Ph3x
<@209257693993631744>,<@637908000052477953>,ft20,20 - 9,<@209257693993631744>
<@662792045617872996>,<@533681260204392468>,ft20,20 - 19,<@533681260204392468>
<@531534866097897485>,<@728604069479841834>,ft20,20 - 12,<@531534866097897485>
<@864526001681334325>,<@209257693993631744>,ft20,20 - 9,Ph3x
<@533681260204392468>,<@729217412007985152>,ft20,20 - 10,Jenox
<@864526001681334325>,<@209257693993631744>,ft20,20 - 15,Ph3x
<@662792045617872996>,<@729217412007985152>,ft20,20 - 7,Ishtar
<@533681260204392468>,<@922890500925714513>,ft20,20 - 7,Jenox
<@922890500925714513>,<@729217412007985152>,ft20,20 - 17,Rian
<@922890500925714513>,<@771427111013318669>,ft20,20 - 8,Rian
Seised,pex,ft20,20 - 18,Seised
<@531534866097897485>,<@209257693993631744>,ft20,13 - 20,Tad
<@922890500925714513>,<@752630255537094657>,ft20,20 - 6,Rian
<@729217412007985152>,<@728604069479841834>,ft20,20 - 10,Esdeath
<@729217412007985152>,<@728604069479841834>,ft20,20 - 14,Esdeath
<@729217412007985152>,<@728604069479841834>,ft20,20 - 10,Esdeath
<@533681260204392468>,<@338411288655036431>,ft20,20-16,Asta
<@729217412007985152>,@Cordobes,ft20,20-7,kite
<@367011033384091668>,<@254234672639377409>,ft20,12 - 20,Alfa
<@729217412007985152>,<@662792045617872996>,ft20,20-14,ishtar
<@729217412007985152>,<@662792045617872996>,ft20,18 - 20,Ishtar
<@367011033384091668>,<@254234672639377409>,ft20,20 - 18,Jade
<@864526001681334325>,<@246256712334442497>,ft20,15 - 20,Zender
<@864526001681334325>,<@246256712334442497>,ft20,20 - 12,Ph3x
<@864526001681334325>,<@246256712334442497>,ft20,20 - 16,Ph3x
<@208414964568948737>,<@729217412007985152>,ft20,20 - 10,Rival
<@864526001681334325>,<@246256712334442497>,ft20,20 - 13,Ph3x
<@864526001681334325>,<@246256712334442497>,ft20,20 - 13,Ph3x
<@215963632121413632>,<@208414964568948737>,ft20,20 - 9,Fen
<@855617725628153886>,<@246256712334442497>,ft20,20 - 19,zender
<@531534866097897485> & <@170289081278922753>,<@254234672639377409> & <@864526001681334325>,ft15,15 - 11,team 2
@sky,<@531534866097897485>,ft20,20 - 6,syal
<@864526001681334325>,<@254234672639377409>,ft20,20 - 15,Ph3x
<@864526001681334325>,<@254234672639377409>,ft20,20 - 14,Ph3x
<@864526001681334325>,<@246256712334442497>,ft20,20 - 13,Ph3x
<@864526001681334325>,<@254234672639377409>,ft20,20 - 7,Ph3x
<@864526001681334325>,<@246256712334442497>,ft20,20 - 10,Ph3x
<@864526001681334325>,<@246256712334442497>,ft20,20 - 12,Ph3x
<@367011033384091668>,<@662792045617872996>,ft20,20 - 7,Jade
<@864526001681334325>,<@246256712334442497>,ft20,20 - 8,Ph3x
<@922890500925714513>,@CORDOBES,ft20,20 - 1,Rian
<@864526001681334325> & <@367011033384091668>,<@246256712334442497> & clown 2,ft15,15-7,Team 1
<@864526001681334325> & <@246256712334442497>,<@367011033384091668> & <@254234672639377409>,ft15,15-14,Team 1
<@864526001681334325> & <@215963632121413632> & clown 2,<@367011033384091668>  & <@254234672639377409> & <@246256712334442497>,ft15,11-15,Team 2
<@864526001681334325>,<@215963632121413632>,ft20,20 - 13,Ph3x
<@864526001681334325>,<@215963632121413632>,ft20,20 - 8,Ph3x
<@864526001681334325>,<@215963632121413632>,ft20,20 - 13,Fen
<@864526001681334325>,<@215963632121413632>,ft20,20 - 17,Ph3x
<@729217412007985152>,<@662792045617872996>,ft20,20 - 17,ishtar
<@729217412007985152>,@zeil,ft20,20 - 9,zeil
<@367011033384091668>,<@316436772722704385>,ft20,20 - 5,jade
<@367011033384091668>,<@316436772722704385>,ft20,20 - 12,jade
<@662792045617872996>,<@633398160844259348>,ft20,20 - 15,ishtar
<@531534866097897485>,<@254234672639377409>,ft20,20 - 17,Alfa
<@662792045617872996>,<@367011033384091668>,ft20,20 - 9,jade
<@203943566479851521>,<@367011033384091668>,ft20,20 - 15,jade
<@316436772722704385>,<@367011033384091668>,ft20,20 - 2,jade
<@531534866097897485>,<@203943566479851521>,ft20,20 - 7,zack
<@346012713329229827>,<@246256712334442497>,ft20,20 - 19,Yui
<@531534866097897485>,<@274129266265030657>,ft20,20 - 7,Syal
<@456226577798135808>,<@637908000052477953>,ft20,20 - 19,Chelas
<@934771890789154826>,<@633398160844259348>,ft20,20 - 6,korean
<@254234672639377409>,<@203943566479851521>,ft20,20 - 14,me
<@346012713329229827>,<@246256712334442497>,ft20,20 - 16,Yui
<@254234672639377409>,<@531534866097897485>,ft20,20 - 12,syal
<@728604069479841834>,<@729217412007985152>,ft20,20 - 16,Esdeath
<@922890500925714513>,<@729217412007985152>,ft20,20 - 18,Kite
<@864526001681334325>,@sky,ft20,20 - 5,Ph3x
<@752630255537094657>,@ren,ft20,20 - 19,Helado
<@662792045617872996>,<@910137681697210379>,ft20,20 - 16,Ishtar
<@170289081278922753>,<@274129266265030657>,ft20,20 - 17,Sho
<@771427111013318669>,<@718757746757074996>,ft20,20 - 17,Terami
<@922890500925714513>,<@274129266265030657>,ft20,20 - 17,Rian
<@728604069479841834>,<@493139882169073686>,ft20,20 - 10,Xanixx
<@864526001681334325>,<@254234672639377409>,ft20,20 - 18,Ph3x
<@215963632121413632>,<@493139882169073686>,ft20,20 - 6,Fen
<@531534866097897485>,<@637908000052477953>,ft20,20 - 19,syal
<@729217412007985152>,<@728604069479841834>,ft20,20 - 15,Esdeath
<@970209002552176680>,<@637908000052477953>,ft20,20 - 16,Plep
<@922890500925714513>,<@493139882169073686>,ft20,20 - 19,Rian
<@254234672639377409>,<@208414964568948737>,ft20,20 - 18,Alfa
<@922890500925714513>,<@729217412007985152>,ft20,20 - 17,kite
<@493139882169073686>,<@316436772722704385>,ft20,20 - 3,Xanix
<@970209002552176680>,<@637908000052477953>,ft20,20 - 16,BeachHouse
<@456226577798135808>,<@346012713329229827>,ft20,20 - 7,yumi
<@864526001681334325>,@BeachHouse,ft20,20 - 16,ph3x
<@493139882169073686>,<@637908000052477953>,ft20,20 - 17,Plep
<@493139882169073686>,<@729217412007985152>,ft20,20 - 14,Xanix
<@864526001681334325>,<@246256712334442497>,ft20,20 - 9,Phex
<@864526001681334325>,<@254234672639377409>,ft10,10 - 5,ph3x
<@215963632121413632>,<@633398160844259348>,ft20,20 - 5,Fen
<@456226577798135808>,<@855617725628153886>,ft20,20 - 17,Hespera
<@922890500925714513>,<@493139882169073686>,ft20,20 - 15,xanixx
<@456226577798135808>,<@633398160844259348>,ft20,20 - 5,Chelas
<@456226577798135808>,<@493139882169073686>,ft20,20 - 11,Chelas
<@346012713329229827>,<@246256712334442497>,ft20,20 - 16,Yui
<@215963632121413632>,<@637908000052477953>,ft20,20 - 10,Fen
<@346012713329229827>,<@864526001681334325>,ft20,20 - 18,ph3x
<@346012713329229827>,<@246256712334442497>,ft20,20 - 13,Yui
<@346012713329229827>,<@246256712334442497>,ft20,20 - 14,zender
<@346012713329229827>,<@254234672639377409>,ft20,20 - 10,yui
<@208414964568948737>,<@246256712334442497>,ft20,20 - 10,zender
<@346012713329229827>,<@254234672639377409>,ft20,20 - 11,Yui
<@456226577798135808>,<@728604069479841834>,ft20,20 - 3,yumi
<@864526001681334325>,<@855617725628153886>,ft20,20 - 14,Ph3x
<@456226577798135808>,<@254234672639377409>,ft20,20 - 12,yumi
<@254234672639377409>,<@531534866097897485>,ft20,20 - 18,Syal
<@456226577798135808>,Ad3m,ft20,20 - 13,yumi
<@254234672639377409>,<@864526001681334325>,ft100,100 - 52,Phex
<@456226577798135808>,Ad3m,ft20,20 - 16,yumi
<@254234672639377409>,<@246256712334442497>,ft20,20 - 15,zender
<@456226577798135808>,<@346012713329229827>,ft20,20 - 12,Seised
<@254234672639377409>,<@246256712334442497>,ft20,20 - 10,zender
<@254234672639377409>,<@246256712334442497>,ft20,20 - 13,zender
<@637908000052477953>,<@246256712334442497>,ft20,20 - 10,zender
<@637908000052477953>,<@246256712334442497>,ft20,20 - 8,zender
<@316436772722704385>,<@274129266265030657>,ft20,20 - 11,Saiden
<@456226577798135808>,<@187295554282323968>,ft20,20 - 8,yumi
<@456226577798135808>,Rian,ft20,20 - 4,yumi
<@456226577798135808>,<@274129266265030657>,ft20,20 - 11,yumi
<@456226577798135808>,<@246256712334442497>,ft20,20 - 14,Yumi
<@456226577798135808>,<@254234672639377409>,ft20,20 - 17,Alfa
<@864526001681334325>,<@254234672639377409>,ft20,20 - 9,Phex
<@456226577798135808> り.,<@274129266265030657>,ft20,20 - 18,yumi
<@254234672639377409>,<@246256712334442497>,ft20,20 - 18,zender
<@637908000052477953>,<@246256712334442497>,ft20,20 - 7,zender
<@456226577798135808>,<@274129266265030657>,ft20,20 - 11,yumi
<@456226577798135808>,<@187295554282323968>,ft20,20 - 5,yumi
<@456226577798135808> り.,@Adem,ft20,20 - 15,yumi
<@208414964568948737>,<@864526001681334325>,ft20,20 - 5,ph3x
<@208414964568948737>,<@346012713329229827>,ft20,20 - 14,yui
<@346012713329229827>,<@864526001681334325>,ft20,20 - 14,ph3x
<@864526001681334325>,@sky,ft20,20 - 2,Ph3x
<@864526001681334325>,<@531534866097897485>,ft20,20 - 16,ph3x
<@456226577798135808>,<@854882082286731284>,ft20,20 - 15,yumi
<@864526001681334325>,<@531534866097897485>,ft20,20 - 19,ph3x
<@531534866097897485>,<@633398160844259348>,ft20,20 - 8,syal
<@533681260204392468>,<@338411288655036431>,ft20,20 - 9,Jenox
<@208414964568948737>,<@531534866097897485>,ft20,20 - 11,syal
<@864526001681334325>,<@531534866097897485>,ft20,20 - 10,ph3x
<@864526001681334325>,<@215963632121413632>,ft20,20 - 15,ph3x
<@637908000052477953>,<@316436772722704385>,ft20,20 - 14,Plep
<@346012713329229827>,<@854882082286731284>,ft20,20 - 12,yui
<@633398160844259348>,<@728604069479841834>,ft20,20 - 16,yoda
<@316436772722704385>,<@728604069479841834>,ft20,20 - 15,esdeath
<@864526001681334325>,<@254234672639377409>,ft20,20 - 11,ph3x
<@864526001681334325>,<@662792045617872996>,ft20,20 - 7,ph3x
<@456226577798135808>,<@531534866097897485>,ft20,20 - 16,syal
<@456226577798135808>,<@531534866097897485>,ft20,20 - 15,yumi
<@864526001681334325> & <@254234672639377409>,<@456226577798135808> & <@854882082286731284>,ft20,15 - 13,team 1
<@864526001681334325>,<@254234672639377409>,ft20,20 - 13,ph3x
<@864526001681334325>,<@274129266265030657>,ft20,20 - 7,Ph3x
<@965796548493586472>,<@274129266265030657>,ft20,20 - 8,saiden
<@864526001681334325>,<@274129266265030657>,ft20,20 - 11,Ph3x
@rlan,<@274129266265030657>,ft20,20 - 10,saiden
<@864526001681334325>,<@456226577798135808>,ft20,20 - 10,ph3x
<@531534866097897485>,<@456226577798135808>,ft20,20 - 18,syal
<@864526001681334325>,<@854882082286731284>,ft20,20 - 16,ph3x
<@864526001681334325>,<@728604069479841834>,ft20,20 - 3,ph3x
<@662792045617872996>,<@346012713329229827>,ft20,20 - 16,Seised
<@531534866097897485>,<@854882082286731284>,ft20,20 - 13,Fleur
<@864526001681334325>,<@346012713329229827>,ft20,20 - 12,Phex
<@274129266265030657>,<@855617725628153886>,ft20,20 - 19,hespera
<@274129266265030657>,<@215963632121413632>,ft20,20 - 16,fen
<@254234672639377409>,<@246256712334442497>,ft20,20 - 19,zender
<@864526001681334325>,<@246256712334442497>,ft20,20 - 15,Phex
<@274129266265030657>,<@729217412007985152>,ft20,20 - 10,saiden
<@868596884242059285>,<@855617725628153886>,ft20,20 - 16,hespera
<@274129266265030657>,<@662792045617872996>,ft20,20 - 19,Saiden
<@868596884242059285>,<@855617725628153886>,ft20,20 - 12,ilyas
runa,<@771427111013318669>,ft20,20 - 5,terami
<@186075780768333824>,<@637908000052477953>,ft20,20 - 10,sc
<@868596884242059285>,Tasty,ft10,10 - 1,ilyas
<@864526001681334325> & <@456226577798135808>,<@186075780768333824> & <@215963632121413632>,ft15,15 - 6,team 1
<@864526001681334325>,<@254234672639377409>,ft20,20 - 16,ph3x
<@367011033384091668>,<@633398160844259348>,ft20,20 - 15,jade
<@864526001681334325>  <@186075780768333824>,<@367011033384091668> <@456226577798135808>,ft15,15 - 14,team 2
<@864526001681334325>,<@633398160844259348>,ft20,20 - 3,ph3x
<@864526001681334325>  <@186075780768333824>,<@367011033384091668> <@456226577798135808>,ft15,15 - 10,team 1
<@864526001681334325>,ruan (?),ft20,20 - 3,ph3x
<@170289081278922753> <@186075780768333824>,<@367011033384091668>  <@456226577798135808>,ft15,15 - 8,team 2
<@864526001681334325> <@254234672639377409>,<@367011033384091668>  <@456226577798135808>,ft15,15 -13,team 1
<@864526001681334325> <@637908000052477953>,<@367011033384091668>  <@456226577798135808>,ft15,15 -14,team 1
<@864526001681334325> <@274129266265030657>,<@367011033384091668>  <@456226577798135808>,ft15,15 -11,team 2
<@864526001681334325>,<@633398160844259348>,ft20,20 - 8,ph3x
<@864526001681334325> <@203943566479851521>,<@637908000052477953> <@456226577798135808>,ft15,15 -11,team 1
<@864526001681334325>,<@254234672639377409>,ft20,20 - 8,ph3x
<@!186075780768333824> & <@!246256712334442497>,<@!352816819557629962>,ft10,10-7,team1
<@!864526001681334325>,<@!215963632121413632>,ft20,20 - 10,ph3x
<@456226577798135808>,<@531534866097897485>,ft20,20 - 10,yumi
<@864526001681334325>,<@215963632121413632>,ft20,20 - 11,ph3x
<@!352816819557629962> & <@!186075780768333824>,<@!246256712334442497>,ft10,10-3,zender
<@864526001681334325>,<@456226577798135808>,ft20,20 - 12,ph3x
<@!352816819557629962> & <@!246256712334442497>,<@!186075780768333824>,ft10,10-7,team1
<@!186075780768333824>,<@!246256712334442497>,ft20,20 - 15,SC
<@!186075780768333824>,<@!246256712334442497>,ft20,20 - 15,zender
<@!864526001681334325>,<@!215963632121413632>,ft20,20 - 15,ph3x
<@!186075780768333824>,<@!215963632121413632>,ft20,20 - 15,SC
<@!186075780768333824>,<@!170289081278922753>,ft20,20 - 14,SC
<@!186075780768333824>,<@!864526001681334325>,ft20,20 - 14,ph3x
<@!215963632121413632>,<@!633398160844259348>,ft20,20 - 4,Fen
<@!864526001681334325>,<@!170289081278922753>,ft20,20 - 7,ph3x
<@!864526001681334325> & <@!170289081278922753>,<@!215963632121413632> & <@!203943566479851521>,ft15,15 - 12,team 1
<@!633398160844259348>,<@!637908000052477953>,ft20,20 - 13,Plep
<@!254234672639377409> & <@456226577798135808> & <@!215963632121413632>,<@!246256712334442497> & <@!186075780768333824> & <@!346012713329229827>,ft15,15 - 14,team 1
<@!254234672639377409>,<@!246256712334442497>,ft20,20 - 16,zender
<@!274129266265030657>,<@!187437626989608960>,ft20,20 - 12,poat
<@531534866097897485>,<@346012713329229827>,ft20,20 - 9,yui
<@!246256712334442497> & <@!215963632121413632>,<@!864526001681334325> & <@!855617725628153886>,ft15,15 - 11,team 2
<@316436772722704385>,<@274129266265030657>,ft20,20 - 8,saiden
<@!246256712334442497> & <@!864526001681334325>,<@!855617725628153886> & <@!215963632121413632>,ft15,15 - 14,team 2
<@456226577798135808>,<@254234672639377409>,ft20,20 - 17,yumi
<@!246256712334442497> & <@!855617725628153886>,<@!864526001681334325> & <@!215963632121413632>,ft15,15 - 7,team 2
<@!246256712334442497> & A2,<@!855617725628153886> & <@!187437626989608960>,ft15,15 - 11,team 1
<@864526001681334325>,<@493139882169073686>,ft20,10 - 4,Ph3x
<@!855617725628153886> & A2 & <@!187437626989608960>,<@!186075780768333824> & <@!246256712334442497> & <@!346012713329229827>,ft15,15 - 8,team 2
<@!254234672639377409>,<@!215963632121413632>,ft20,20-19,Alfa
<@456226577798135808>,<@!254234672639377409>,ft20,20-15,Shina
<@!246256712334442497>,<@!215963632121413632>,ft20,20-10,zender
<@!254234672639377409>,<@!864526001681334325>,ft20,20 - 17,Phex
<@!864526001681334325>,<@!855617725628153886>,ft20,20-18,hespera
<@!246256712334442497> & <@!864526001681334325>,<@!868596884242059285> & <@!855617725628153886>,ft15,15-10,team 1
<@!246256712334442497> & <@!868596884242059285> & <@!254234672639377409>,<@!864526001681334325> & <@!855617725628153886> & <@!346012713329229827>,ft15,15-13,team 2
<@855617725628153886>,<@274129266265030657>,ft20,20-13,hespera
<@!864526001681334325>,<@!170289081278922753>,ft20,20-12,ph3x
<@!246256712334442497> & <@!868596884242059285>,<@!864526001681334325> & <@!855617725628153886>,ft15,15-14,team 2
<@!246256712334442497> & <@!868596884242059285> & <@!864526001681334325> & <@!215963632121413632>,<@!254234672639377409> & <@!855617725628153886> & <@!346012713329229827> & <@!170289081278922753>,ft15,15-13,team 1
<@186075780768333824>,<@274129266265030657>,ft20,20-15,SC
<@!203943566479851521>,<@!633398160844259348>,ft20,20-9,Blitz
<@868596884242059285>,<@855617725628153886>,ft20,20-19,hespera
<@868596884242059285>,<@855617725628153886>,ft20,20-12,ilyas
<@868596884242059285>,<@855617725628153886>,ft20,20-13,ilyas
<@!246256712334442497> & Adrian & <@!203943566479851521>,<@!864526001681334325> & <@!346012713329229827> & Fen,ft15,15-8,team 2
<@!246256712334442497> & Adrian,<@!203943566479851521> & <@!346012713329229827>,ft15,15-14,team 1
<@!246256712334442497> & Adrian,Ahm & <@!254234672639377409>,ft15,15-14,team 1
<@!493139882169073686>,<@!254234672639377409>,ft20,20-8,Alfa
<@!246256712334442497> & Ahm,<@!864526001681334325> & <@!254234672639377409>,ft15,15-11,team 2
<@!246256712334442497> & <@!346012713329229827>,<@!864526001681334325> & Adrian,ft15,15-11,team 1
<@!246256712334442497> & <@!254234672639377409>,Ahm & <@!203943566479851521>,ft15,15-13,team 1
<@!246256712334442497>,<@!254234672639377409>,ft20,20-5,zender
<@!246256712334442497> & <@!864526001681334325>,Ahm & <@!254234672639377409>,ft15,15-8,team 1
<@!246256712334442497>,<@!254234672639377409>,ft20,20-4,zender
<@!246256712334442497> <@!864526001681334325> <@456226577798135808>,<@!254234672639377409> Fen Adrian,ft15,15-13,team 1
<@!246256712334442497> <@!203943566479851521> <@456226577798135808>,<@!864526001681334325> <@!254234672639377409> Ahmad,ft15,15-13,team 1
<@!246256712334442497> <@!254234672639377409> Ahmad,<@!864526001681334325> <@456226577798135808> Adrian,ft15,15-13,team 1
<@456226577798135808>,<@!203943566479851521>,ft20,20-12,yumi
<@!246256712334442497> & Shiki,<@!203943566479851521> & <@!864526001681334325>,ft15,15-13,team 2
Ahm & <@456226577798135808>,<@!254234672639377409> & <@!864526001681334325>,ft15,15-9,team 1
<@!246256712334442497> & <@!864526001681334325> & <@!254234672639377409>,Shiki & <@456226577798135808> & Ahm,ft15,15-13,team 2
<@!246256712334442497> & Shiki,<@456226577798135808> & <@!864526001681334325>,ft15,15-5,team 2
<@!246256712334442497> & <@456226577798135808>,Shiki & <@!864526001681334325>,ft15,15-11,team 1
<@!246256712334442497> & Shiki,<@456226577798135808> & <@!346012713329229827>,ft15,15-10,team 2
<@!246256712334442497> & <@!346012713329229827> & Fen,<@456226577798135808> & <@!864526001681334325> & <@!254234672639377409>,ft15,15-8,team 2
<@!246256712334442497> & <@!346012713329229827> & <@456226577798135808>,Fen & <@!864526001681334325> & <@!254234672639377409>,ft15,15-14,team 2
<@!246256712334442497>,<@!864526001681334325>,ft20,20-17,Ph3x
<@!246256712334442497>,<@!346012713329229827>,ft20,20-13,zender
<@!246256712334442497>,<@!254234672639377409>,ft20,20-8,zender
<@!587389711060959245>,<@!254234672639377409>,ft20,20-15,alfa
<@!346012713329229827>,<@!254234672639377409>,ft20,20-17,yui
<@!346012713329229827>,<@!493139882169073686>,ft20,20-8,Seised
<@!246256712334442497> & Ahm & Shiki,<@456226577798135808> & Аdrian & <@!254234672639377409>,ft15,15-11,team 2
<@!246256712334442497> & <@!254234672639377409>,<@!864526001681334325> & Ahm,ft15,15-10,team 2
<@!864526001681334325>,<@!338411288655036431>,ft20,20-13,ph3x
<@!246256712334442497> & Аdrian & <@!864526001681334325>,Ahm & Shiki & <@!254234672639377409>,ft15,15-11,team 2
<@!246256712334442497> & <@!338411288655036431>,<@!864526001681334325> & Аdrian,ft15,15-13,team 2
<@!246256712334442497> & Shiki,<@456226577798135808> & <@!346012713329229827>,ft15,15-13,team 2
<@!246256712334442497> & Аdrian,<@!864526001681334325> & <@!338411288655036431>,ft15,15-11,team 2
<@!531534866097897485>,<@!254234672639377409>,ft20,20-8,Fleur
<@!531534866097897485>,<@!338411288655036431>,ft20,20-15,Fleur
<@!346012713329229827>,<@!254234672639377409>,ft20,20-16,Yui
<@!246256712334442497>,<@!864526001681334325>,ft20,20-9,Ph3x
<@!246256712334442497>,<@!864526001681334325>,ft20,20-9,Ph3x
<@!531534866097897485>,<@!338411288655036431>,ft20,20-8,Fleur
@ren,<@!346012713329229827>,ft20,20-11,Yui
Clown & Shiki & Ahmad,<@!531534866097897485> & zender & <@!254234672639377409>,ft15,15-14,t1
<@!864526001681334325>,<@!346012713329229827>,ft20,20-18,ph3x
<@633398160844259348>,<@456226577798135808>,ft20,20-9,yoda
<@!254234672639377409>,<@!864526001681334325>,ft20,20-15,Ph3x
<@346012713329229827>,<@662792045617872996>,ft20,20-9,yui
<@!254234672639377409>,<@!864526001681334325>,ft20,20-11,Ph3x
<@456226577798135808>,Adrian,ft20,20-15,yumishi
<@!254234672639377409>,<@!864526001681334325>,ft20,20-8,Ph3x
<@!254234672639377409>,<@!854882082286731284>,ft20,20-19,absolutegod
<@!254234672639377409>,<@!864526001681334325>,ft20,20-4,Ph3x
<@!254234672639377409>,<@!493139882169073686>,ft20,20-11,Alfa
<@!254234672639377409>,<@!662792045617872996>,ft20,20-14,Alfa
<@!254234672639377409>,@zender,ft20,20-19,zender
Adrian & <@456226577798135808>   vs <@!864526001681334325>,<@!254234672639377409>,ft15,15-7,t2
<@!531534866097897485>,<@!662792045617872996>,ft20,20-11,i want makiam to stem on me
Adrian & @Shina  vs <@!864526001681334325>,<@!254234672639377409>,ft15,15-14,t2
<@!531534866097897485>,<@!493139882169073686>,ft20,20-11,speed potion is super effective!
<@662792045617872996>,Adrian,ft20,20-4,Ishtar
<@864526001681334325>,<@346012713329229827>,ft20,20-17,Ph3x
<@!531534866097897485>,<@456226577798135808>,ft20,20-17,Fleur
<@771427111013318669>,@baaha,ft20,20-14,Terami
<@!531534866097897485>,<@!247824426295361536>,ft20,20-16,Fleur
<@662792045617872996>,<@864526001681334325>,ft20,20-13,ph3x
<@!246256712334442497> & <@!864526001681334325>,<@456226577798135808> & <@!210884089710903298>,ft15,15-9,team 1
<@!493139882169073686>,<@!531534866097897485>,ft20,20-9,Syal
<@!170289081278922753>,<@!254234672639377409>,ft20,20-15,Alfa
<@!246256712334442497> & <@!210884089710903298>,<@!864526001681334325> & <@!254234672639377409>,ft15,15-13,team 1
<@!346012713329229827>,<@!254234672639377409>,ft20,20-14,Yui
<@!246256712334442497>,<@!864526001681334325>,ft20,12-20,Phex
<@633398160844259348>,<@662792045617872996>,ft15,15-6,Ishtar
<@!246256712334442497> & <@!254234672639377409>,<@!864526001681334325> & <@!210884089710903298>,ft15,15-7,team 2
<@!246256712334442497> & <@!215963632121413632>,<@456226577798135808> & <@!254234672639377409>,ft15,15-5,team 2
<@!222815348708081665> & <@!352816819557629962>,<@!864526001681334325> & <@!203943566479851521>,ft15,15-13,team 1
<@!222815348708081665> & <@!352816819557629962>,<@!864526001681334325> & <@!203943566479851521>,ft15,15-9,team 1
<@!533681260204392468> & Kuze,Adoni & Helado,ft15,15-3,team 1
<@!246256712334442497> & <@!222815348708081665>,<@!352816819557629962> & <@!210884089710903298>,ft15,15-13,team 1
<@!254234672639377409> & <@!246256712334442497>,<@!864526001681334325> & <@!170289081278922753>,ft15,15-14,team 1
<@!246256712334442497> & <@!352816819557629962>,<@!222815348708081665> & <@!210884089710903298>,ft15,15-5,team 1
<@!254234672639377409> & <@!352816819557629962>,<@!210884089710903298> & <@!203943566479851521>,ft15,15-9,team1
<@!855617725628153886> & <@!170289081278922753>,<@!864526001681334325> & <@456226577798135808>,ft15,15-11,team 1
<@!210884089710903298> & <@!352816819557629962>,<@!254234672639377409> & <@!203943566479851521>,ft15,15-6,team1
<@!246256712334442497> & <@!352816819557629962> & <@!254234672639377409>,<@!222815348708081665> & <@!210884089710903298> & <@!203943566479851521>,ft15,15-9,team1
<@!246256712334442497> & <@!352816819557629962>,<@!222815348708081665> & <@!210884089710903298>,ft15,15-6,team1
<@456226577798135808> & <@!367011033384091668>,Hespera & <@!203943566479851521>,ft15,15-12,team girls
<@456226577798135808> & <@!367011033384091668>,<@!864526001681334325>  & <@!254234672639377409>,ft15,15-6,team girls
<@!246256712334442497>,<@!222815348708081665>,ft20,20-13,zender
<@!531534866097897485>,<@!346012713329229827>,ft20,20-11,Fleur
<@456226577798135808> & <@!367011033384091668>,<@!864526001681334325> & <@!254234672639377409>,ft15,15-5,team girls
<@!246256712334442497> & <@!864526001681334325> & <@!203943566479851521>,<@456226577798135808> & <@!215963632121413632> & Shiki,ft15,15-11,team 1
<@!246256712334442497> & <@!864526001681334325>,<@456226577798135808> & <@!247824426295361536>,ft15,15-11,team 1
<@!246256712334442497> & A2 & <@!187437626989608960>,<@!186075780768333824> & <@!855617725628153886> & <@!254234672639377409>,ft15,15 - 5,team 1
<@!531534866097897485>,<@!254234672639377409> & <@!633398160844259348>,ft15,15-10,team 2
<@633398160844259348>,<@662792045617872996>,ft20,20-4,Ishtar
<@864526001681334325> <@254234672639377409>,<@367011033384091668>  <@456226577798135808>,ft15,15 -13,team 2
<@!367011033384091668> & <@456226577798135808> & <@!254234672639377409> & <@!864526001681334325>,<@!531534866097897485> & <@!662792045617872996> & @luna & <@!203943566479851521>,ft15,15-10,team 1
